{
    "available_space": true,
    "id": "z",
    "size_max": 24.775038719177246,
    "size_mean": 9.159909688509428,
    "size_min": 3.257497787475586,
    "total_size": 119.07882595062256
}