{
    "available_space": true,
    "size_max": 24.775038719177246,
    "size_mean": 9.159909688509428,
    "size_min": 3.257497787475586,
    "total_size": 119.07882595062256,
    "video_list": {
        "ZIRROSIS   VERGONZOSA IMPUNIDAD-63x7rveTdDo.mp4": {
            "size": 3.956289291381836
        },
        "ZIRROSIS  CLEMEN EL PUTERO-rf_9WChDn5E.mp4": {
            "size": 4.807480812072754
        },
        "ZIRROSIS  EL VIRUS DE LOS DEMAS-4zwxtxuuuzc.mp4": {
            "size": 4.273164749145508
        },
        "ZIRROSIS  EXCREMENTO DEL BIENESTAR-SZ28o5Y0Kc4.mp4": {
            "size": 3.257497787475586
        },
        "ZIRROSIS  PRESOS DEL CAPITAL-xwm9eCQ2izA.mp4": {
            "size": 4.411428451538086
        },
        "Zara Larsson - Lush Life-tD4HCZe-tew.mp4": {
            "size": 13.266742706298828
        },
        "Zirrosis   Eso que llaman politica-ZQ9zlZi35h4.mp4": {
            "size": 10.926474571228027
        },
        "Zirrosis - El viciosillo-7nJVsvvqDlg.mp4": {
            "size": 8.691893577575684
        },
        "Zirrosis - Mesias de la estupidez-WLSDAw1AAXk.mp4": {
            "size": 7.213984489440918
        },
        "Zombie - The Cranberries-BtV1-gJ_bm0.mp4": {
            "size": 15.325224876403809
        },
        "Zo\u00e9 - B\u00e9same Mucho-CSELNSslBVk.mp4": {
            "size": 24.775038719177246
        },
        "[Zeljko Straka] Vivaldi - Concerto for Strings in G, 'Alla Rustica'-h6KsRRhoqKM.mp4": {
            "size": 8.385419845581055
        },
        "zz top - bad to  the bone-p6tvmzfyaT4.mp4": {
            "size": 9.788186073303223
        }
    }
}